{"cameraMode":{"drawMode":0,"name":"Shaded","section":"Shading Mode"},"sceneLighting":true,"audioPlay":false,"sceneViewState":{"showFog":false,"showMaterialUpdate":false,"showSkybox":false,"showFlares":false,"showImageEffects":false,"showParticleSystems":false},"in2DMode":false,"pivot":{"x":-1.8850088119506837,"y":-3.0989856719970705,"z":-7.508329391479492},"rotation":{"x":0.4465692341327667,"y":0.1262240707874298,"z":-0.06380031257867813,"w":0.8835034966468811},"size":36.34241485595703,"orthographic":false}