{"cameraMode":{"drawMode":0,"name":"Shaded","section":"Shading Mode"},"sceneLighting":false,"audioPlay":false,"sceneViewState":{"showFog":false,"showMaterialUpdate":false,"showSkybox":false,"showFlares":false,"showImageEffects":false,"showParticleSystems":false},"in2DMode":false,"pivot":{"x":-6.20546293258667,"y":9.275846481323243,"z":-17.488061904907228},"rotation":{"x":0.32623952627182009,"y":-0.019849302247166635,"z":0.006851863116025925,"w":0.9450576305389404},"size":40.742794036865237,"orthographic":false}