{"cameraMode":{"drawMode":0,"name":"Shaded","section":"Shading Mode"},"sceneLighting":false,"audioPlay":false,"sceneViewState":{"showFog":false,"showMaterialUpdate":false,"showSkybox":false,"showFlares":false,"showImageEffects":false,"showParticleSystems":false},"in2DMode":false,"pivot":{"x":0.13239288330078126,"y":13.4235258102417,"z":-0.01035308837890625},"rotation":{"x":-0.005028919316828251,"y":0.5454171299934387,"z":0.003272547386586666,"w":0.838143527507782},"size":737.5831909179688,"orthographic":false}